id;pesid;data_inversa;dia_semana;horario;uf;br;km;municipio;causa_principal;causa_acidente;ordem_tipo_acidente;tipo_acidente;classificacao_acidente;fase_dia;sentido_via;condicao_metereologica;tipo_pista;tracado_via;uso_solo;id_veiculo;tipo_veiculo;marca;ano_fabricacao_veiculo;tipo_envolvido;estado_fisico;idade;sexo;ilesos;feridos_leves;feridos_graves;mortos;latitude;longitude;regional;delegacia;uop
591693;1317934;04/04/2024;quinta-feira;08:05:00;RS;290;94;PORTO ALEGRE;Sim;Acessar a via sem observar a presença dos outros veículos;1;Colisão lateral mesmo sentido;Com Vítimas Feridas;Pleno dia;Crescente;Céu Claro;Múltipla;Reta;Não;1055539;Automóvel;CHEV/ONIX PLUS 10MT LT2;2019;Passageiro;Ileso;30;Feminino;1;0;0;0;-29,973856;-51,197853;SPRF-RS;DEL01-RS;UOP01-DEL01-RS
591693;1317936;04/04/2024;quinta-feira;08:05:00;RS;290;94;PORTO ALEGRE;Sim;Acessar a via sem observar a presença dos outros veículos;1;Colisão lateral mesmo sentido;Com Vítimas Feridas;Pleno dia;Crescente;Céu Claro;Múltipla;Reta;Não;NA;NA;NA/NA;NA;Testemunha;Não Informado;NA;Não Informado;0;0;0;0;-29,973856;-51,197853;SPRF-RS;DEL01-RS;UOP01-DEL01-RS
592222;1319244;06/04/2024;sábado;19:15:00;RS;116;2;PORTO ALEGRE;Sim;Manobra de mudança de faixa;1;Colisão traseira;Com Vítimas Feridas;Plena Noite;Crescente;Céu Claro;Dupla;Viaduto;Sim;1056611;Motoneta;HONDA/BIZ 125 ES;2008;Condutor;Lesões Leves;25;Masculino;0;1;0;0;-29,98551389;-51,18124431;SPRF-RS;DEL01-RS;UOP01-DEL01-RS
592222;1319246;06/04/2024;sábado;19:15:00;RS;116;2;PORTO ALEGRE;Sim;Manobra de mudança de faixa;1;Colisão traseira;Com Vítimas Feridas;Plena Noite;Crescente;Céu Claro;Dupla;Viaduto;Sim;1056611;Motoneta;HONDA/BIZ 125 ES;2008;Passageiro;Lesões Leves;22;Feminino;0;1;0;0;-29,98551389;-51,18124431;SPRF-RS;DEL01-RS;UOP01-DEL01-RS
592222;1319248;06/04/2024;sábado;19:15:00;RS;116;2;PORTO ALEGRE;Sim;Manobra de mudança de faixa;1;Colisão traseira;Com Vítimas Feridas;Plena Noite;Crescente;Céu Claro;Dupla;Viaduto;Sim;1056613;Automóvel;FIAT/UNO ATTRACTIVE 1.0;2021;Condutor;Ileso;31;Masculino;1;0;0;0;-29,98551389;-51,18124431;SPRF-RS;DEL01-RS;UOP01-DEL01-RS
592235;1319399;06/04/2024;sábado;20:00:00;RS;290;92;PORTO ALEGRE;Não;Frear bruscamente;1;Colisão traseira;Sem Vítimas;Plena Noite;Decrescente;Céu Claro;Múltipla;Reta;Não;1056742;Caminhonete;VW/NOVA SAVEIRO RB MBVS;2021;Condutor;Ileso;33;Masculino;1;0;0;0;-29,971916;-51,176838;SPRF-RS;DEL01-RS;UOP01-DEL01-RS
592235;1319400;06/04/2024;sábado;20:00:00;RS;290;92;PORTO ALEGRE;Não;Frear bruscamente;1;Colisão traseira;Sem Vítimas;Plena Noite;Decrescente;Céu Claro;Múltipla;Reta;Não;1056743;Automóvel;PEUGEOT/206 SW16 FELI FX;2007;Condutor;Ileso;32;Masculino;1;0;0;0;-29,971916;-51,176838;SPRF-RS;DEL01-RS;UOP01-DEL01-RS
592235;1319399;06/04/2024;sábado;20:00:00;RS;290;92;PORTO ALEGRE;Sim;Manobra de mudança de faixa;1;Colisão traseira;Sem Vítimas;Plena Noite;Decrescente;Céu Claro;Múltipla;Reta;Não;1056742;Caminhonete;VW/NOVA SAVEIRO RB MBVS;2021;Condutor;Ileso;33;Masculino;1;0;0;0;-29,971916;-51,176838;SPRF-RS;DEL01-RS;UOP01-DEL01-RS
592235;1319400;06/04/2024;sábado;20:00:00;RS;290;92;PORTO ALEGRE;Sim;Manobra de mudança de faixa;1;Colisão traseira;Sem Vítimas;Plena Noite;Decrescente;Céu Claro;Múltipla;Reta;Não;1056743;Automóvel;PEUGEOT/206 SW16 FELI FX;2007;Condutor;Ileso;32;Masculino;1;0;0;0;-29,971916;-51,176838;SPRF-RS;DEL01-RS;UOP01-DEL01-RS
592500;1322287;07/04/2024;domingo;20:40:00;RS;448;22;PORTO ALEGRE;Sim;Velocidade Incompatível;1;Saída de leito carroçável;Com Vítimas Feridas;Plena Noite;Crescente;Chuva;Dupla;Curva;Sim;1057124;Automóvel;RENAULT/LOGAN EXPR 1016V;2016;Passageiro;Ileso;24;Masculino;1;0;0;0;-29,972212;-51,199139;SPRF-RS;DEL01-RS;UOP01-DEL01-RS
592500;1319924;07/04/2024;domingo;20:40:00;RS;448;22;PORTO ALEGRE;Sim;Velocidade Incompatível;1;Saída de leito carroçável;Com Vítimas Feridas;Plena Noite;Crescente;Chuva;Dupla;Curva;Sim;1057124;Automóvel;RENAULT/LOGAN EXPR 1016V;2016;Condutor;Lesões Leves;26;Masculino;0;1;0;0;-29,972212;-51,199139;SPRF-RS;DEL01-RS;UOP01-DEL01-RS
593217;1321684;11/04/2024;quinta-feira;07:10:00;RS;290;95;PORTO ALEGRE;Sim;Avarias e/ou desgaste excessivo no pneu;1;Colisão traseira;Com Vítimas Feridas;Pleno dia;Decrescente;Chuva;Dupla;Reta;Sim;1058499;Automóvel;FIAT/PALIO EX;1999;Condutor;Lesões Leves;29;Masculino;0;1;0;0;-29,982832;-51,201572;SPRF-RS;DEL01-RS;UOP01-DEL01-RS
593217;1321653;11/04/2024;quinta-feira;07:10:00;RS;290;95;PORTO ALEGRE;Sim;Avarias e/ou desgaste excessivo no pneu;1;Colisão traseira;Com Vítimas Feridas;Pleno dia;Decrescente;Chuva;Dupla;Reta;Sim;1058500;Automóvel;I/M.BENZ C 200 K;2009;Condutor;Lesões Leves;50;Masculino;0;1;0;0;-29,982832;-51,201572;SPRF-RS;DEL01-RS;UOP01-DEL01-RS
593233;1321656;11/04/2024;quinta-feira;08:15:00;RS;448;20;PORTO ALEGRE;Sim;Ausência de reação do condutor;2;Colisão traseira;Com Vítimas Feridas;Pleno dia;Crescente;Chuva;Dupla;Reta;Não;1058502;Automóvel;GM/CORSA WIND;1998;Condutor;Ileso;27;Feminino;1;0;0;0;-29,958729;-51,202465;SPRF-RS;DEL01-RS;UOP01-DEL01-RS
593233;1321659;11/04/2024;quinta-feira;08:15:00;RS;448;20;PORTO ALEGRE;Sim;Ausência de reação do condutor;2;Colisão traseira;Com Vítimas Feridas;Pleno dia;Crescente;Chuva;Dupla;Reta;Não;1058502;Automóvel;GM/CORSA WIND;1998;Passageiro;Lesões Leves;38;Feminino;0;1;0;0;-29,958729;-51,202465;SPRF-RS;DEL01-RS;UOP01-DEL01-RS
593233;1321654;11/04/2024;quinta-feira;08:15:00;RS;448;20;PORTO ALEGRE;Sim;Ausência de reação do condutor;2;Colisão traseira;Com Vítimas Feridas;Pleno dia;Crescente;Chuva;Dupla;Reta;Não;1058501;Automóvel;RENAULT/MEGANESD DYN 16;2007;Condutor;Ileso;31;Masculino;1;0;0;0;-29,958729;-51,202465;SPRF-RS;DEL01-RS;UOP01-DEL01-RS
593233;1321658;11/04/2024;quinta-feira;08:15:00;RS;448;20;PORTO ALEGRE;Sim;Ausência de reação do condutor;2;Colisão traseira;Com Vítimas Feridas;Pleno dia;Crescente;Chuva;Dupla;Reta;Não;1058503;Automóvel;I/HYUNDAI ELANTRA GLS;2012;Condutor;Ileso;35;Feminino;1;0;0;0;-29,958729;-51,202465;SPRF-RS;DEL01-RS;UOP01-DEL01-RS
593233;1321656;11/04/2024;quinta-feira;08:15:00;RS;448;20;PORTO ALEGRE;Sim;Ausência de reação do condutor;1;Colisão traseira;Com Vítimas Feridas;Pleno dia;Crescente;Chuva;Dupla;Reta;Não;1058502;Automóvel;GM/CORSA WIND;1998;Condutor;Ileso;27;Feminino;1;0;0;0;-29,958729;-51,202465;SPRF-RS;DEL01-RS;UOP01-DEL01-RS
593233;1321659;11/04/2024;quinta-feira;08:15:00;RS;448;20;PORTO ALEGRE;Sim;Ausência de reação do condutor;1;Colisão traseira;Com Vítimas Feridas;Pleno dia;Crescente;Chuva;Dupla;Reta;Não;1058502;Automóvel;GM/CORSA WIND;1998;Passageiro;Lesões Leves;38;Feminino;0;1;0;0;-29,958729;-51,202465;SPRF-RS;DEL01-RS;UOP01-DEL01-RS
593233;1321654;11/04/2024;quinta-feira;08:15:00;RS;448;20;PORTO ALEGRE;Sim;Ausência de reação do condutor;1;Colisão traseira;Com Vítimas Feridas;Pleno dia;Crescente;Chuva;Dupla;Reta;Não;1058501;Automóvel;RENAULT/MEGANESD DYN 16;2007;Condutor;Ileso;31;Masculino;1;0;0;0;-29,958729;-51,202465;SPRF-RS;DEL01-RS;UOP01-DEL01-RS
593233;1321658;11/04/2024;quinta-feira;08:15:00;RS;448;20;PORTO ALEGRE;Sim;Ausência de reação do condutor;1;Colisão traseira;Com Vítimas Feridas;Pleno dia;Crescente;Chuva;Dupla;Reta;Não;1058503;Automóvel;I/HYUNDAI ELANTRA GLS;2012;Condutor;Ileso;35;Feminino;1;0;0;0;-29,958729;-51,202465;SPRF-RS;DEL01-RS;UOP01-DEL01-RS
593275;1321741;11/04/2024;quinta-feira;12:30:00;RS;290;22;PORTO ALEGRE;Sim;Ausência de reação do condutor;1;Colisão com objeto;Com Vítimas Feridas;Pleno dia;Decrescente;Garoa/Chuvisco;Dupla;"Aclive;Curva";Não;1058576;Automóvel;VW/GOL 16V POWER;2002;Condutor;Lesões Leves;60;Feminino;0;1;0;0;-29,97478985;-51,19797388;SPRF-RS;DEL03-RS;UOP01-DEL03-RS
593568;1324494;12/04/2024;sexta-feira;19:00:00;RS;290;88;PORTO ALEGRE;Sim;Condutor deixou de manter distância do veículo da frente;1;Colisão traseira;Com Vítimas Feridas;Plena Noite;Decrescente;Garoa/Chuvisco;Múltipla;Reta;Não;1060801;Automóvel;HYUNDAI/HB2010TM COMFORT;2022;Condutor;Ileso;31;Masculino;1;0;0;0;-29,967531;-51,137264;SPRF-RS;DEL01-RS;UOP01-DEL01-RS
593568;1324495;12/04/2024;sexta-feira;19:00:00;RS;290;88;PORTO ALEGRE;Sim;Condutor deixou de manter distância do veículo da frente;1;Colisão traseira;Com Vítimas Feridas;Plena Noite;Decrescente;Garoa/Chuvisco;Múltipla;Reta;Não;1060802;Motocicleta;YAMAHA/FAZER YS250;2015;Condutor;Lesões Leves;36;Masculino;0;1;0;0;-29,967531;-51,137264;SPRF-RS;DEL01-RS;UOP01-DEL01-RS
594282;1324103;16/04/2024;terça-feira;07:25:00;RS;290;92;PORTO ALEGRE;Sim;Manobra de mudança de faixa;1;Colisão traseira;Com Vítimas Feridas;Pleno dia;Decrescente;Chuva;Dupla;"Reta;Retorno Regulamentado";Sim;1060466;Automóvel;HYUNDAI/CRETA 16A ACTION;2022;Condutor;Ileso;42;Masculino;1;0;0;0;-29,971916;-51,176838;SPRF-RS;DEL01-RS;UOP01-DEL01-RS
594282;1324104;16/04/2024;terça-feira;07:25:00;RS;290;92;PORTO ALEGRE;Sim;Manobra de mudança de faixa;1;Colisão traseira;Com Vítimas Feridas;Pleno dia;Decrescente;Chuva;Dupla;"Reta;Retorno Regulamentado";Sim;1060467;Motocicleta;HONDA/XRE 190;2018;Condutor;Lesões Leves;31;Masculino;0;1;0;0;-29,971916;-51,176838;SPRF-RS;DEL01-RS;UOP01-DEL01-RS
594320;1324224;16/04/2024;terça-feira;10:00:00;RS;116;2;PORTO ALEGRE;Não;Condutor deixou de manter distância do veículo da frente;3;Queda de ocupante de veículo;Com Vítimas Feridas;Pleno dia;Decrescente;Garoa/Chuvisco;Dupla;Reta;Sim;1060572;Automóvel;VW/FOX 1.6 GII;2014;Condutor;Ileso;62;Masculino;1;0;0;0;-29,99205173;-51,18549049;SPRF-RS;DEL05-RS;UOP03-DEL05-RS
594320;1324225;16/04/2024;terça-feira;10:00:00;RS;116;2;PORTO ALEGRE;Não;Condutor deixou de manter distância do veículo da frente;3;Queda de ocupante de veículo;Com Vítimas Feridas;Pleno dia;Decrescente;Garoa/Chuvisco;Dupla;Reta;Sim;1060573;Motocicleta;HONDA/CG 160 TITAN;2022;Condutor;Lesões Leves;25;Masculino;0;1;0;0;-29,99205173;-51,18549049;SPRF-RS;DEL05-RS;UOP03-DEL05-RS
594320;1324224;16/04/2024;terça-feira;10:00:00;RS;116;2;PORTO ALEGRE;Sim;Manobra de mudança de faixa;3;Queda de ocupante de veículo;Com Vítimas Feridas;Pleno dia;Decrescente;Garoa/Chuvisco;Dupla;Reta;Sim;1060572;Automóvel;VW/FOX 1.6 GII;2014;Condutor;Ileso;62;Masculino;1;0;0;0;-29,99205173;-51,18549049;SPRF-RS;DEL05-RS;UOP03-DEL05-RS
594320;1324225;16/04/2024;terça-feira;10:00:00;RS;116;2;PORTO ALEGRE;Sim;Manobra de mudança de faixa;3;Queda de ocupante de veículo;Com Vítimas Feridas;Pleno dia;Decrescente;Garoa/Chuvisco;Dupla;Reta;Sim;1060573;Motocicleta;HONDA/CG 160 TITAN;2022;Condutor;Lesões Leves;25;Masculino;0;1;0;0;-29,99205173;-51,18549049;SPRF-RS;DEL05-RS;UOP03-DEL05-RS
594320;1324224;16/04/2024;terça-feira;10:00:00;RS;116;2;PORTO ALEGRE;Não;Condutor deixou de manter distância do veículo da frente;2;Tombamento;Com Vítimas Feridas;Pleno dia;Decrescente;Garoa/Chuvisco;Dupla;Reta;Sim;1060572;Automóvel;VW/FOX 1.6 GII;2014;Condutor;Ileso;62;Masculino;1;0;0;0;-29,99205173;-51,18549049;SPRF-RS;DEL05-RS;UOP03-DEL05-RS
594320;1324225;16/04/2024;terça-feira;10:00:00;RS;116;2;PORTO ALEGRE;Não;Condutor deixou de manter distância do veículo da frente;2;Tombamento;Com Vítimas Feridas;Pleno dia;Decrescente;Garoa/Chuvisco;Dupla;Reta;Sim;1060573;Motocicleta;HONDA/CG 160 TITAN;2022;Condutor;Lesões Leves;25;Masculino;0;1;0;0;-29,99205173;-51,18549049;SPRF-RS;DEL05-RS;UOP03-DEL05-RS
594320;1324224;16/04/2024;terça-feira;10:00:00;RS;116;2;PORTO ALEGRE;Sim;Manobra de mudança de faixa;2;Tombamento;Com Vítimas Feridas;Pleno dia;Decrescente;Garoa/Chuvisco;Dupla;Reta;Sim;1060572;Automóvel;VW/FOX 1.6 GII;2014;Condutor;Ileso;62;Masculino;1;0;0;0;-29,99205173;-51,18549049;SPRF-RS;DEL05-RS;UOP03-DEL05-RS
594320;1324225;16/04/2024;terça-feira;10:00:00;RS;116;2;PORTO ALEGRE;Sim;Manobra de mudança de faixa;2;Tombamento;Com Vítimas Feridas;Pleno dia;Decrescente;Garoa/Chuvisco;Dupla;Reta;Sim;1060573;Motocicleta;HONDA/CG 160 TITAN;2022;Condutor;Lesões Leves;25;Masculino;0;1;0;0;-29,99205173;-51,18549049;SPRF-RS;DEL05-RS;UOP03-DEL05-RS
594320;1324224;16/04/2024;terça-feira;10:00:00;RS;116;2;PORTO ALEGRE;Não;Condutor deixou de manter distância do veículo da frente;1;Colisão lateral mesmo sentido;Com Vítimas Feridas;Pleno dia;Decrescente;Garoa/Chuvisco;Dupla;Reta;Sim;1060572;Automóvel;VW/FOX 1.6 GII;2014;Condutor;Ileso;62;Masculino;1;0;0;0;-29,99205173;-51,18549049;SPRF-RS;DEL05-RS;UOP03-DEL05-RS
594320;1324225;16/04/2024;terça-feira;10:00:00;RS;116;2;PORTO ALEGRE;Não;Condutor deixou de manter distância do veículo da frente;1;Colisão lateral mesmo sentido;Com Vítimas Feridas;Pleno dia;Decrescente;Garoa/Chuvisco;Dupla;Reta;Sim;1060573;Motocicleta;HONDA/CG 160 TITAN;2022;Condutor;Lesões Leves;25;Masculino;0;1;0;0;-29,99205173;-51,18549049;SPRF-RS;DEL05-RS;UOP03-DEL05-RS
594320;1324224;16/04/2024;terça-feira;10:00:00;RS;116;2;PORTO ALEGRE;Sim;Manobra de mudança de faixa;1;Colisão lateral mesmo sentido;Com Vítimas Feridas;Pleno dia;Decrescente;Garoa/Chuvisco;Dupla;Reta;Sim;1060572;Automóvel;VW/FOX 1.6 GII;2014;Condutor;Ileso;62;Masculino;1;0;0;0;-29,99205173;-51,18549049;SPRF-RS;DEL05-RS;UOP03-DEL05-RS
594320;1324225;16/04/2024;terça-feira;10:00:00;RS;116;2;PORTO ALEGRE;Sim;Manobra de mudança de faixa;1;Colisão lateral mesmo sentido;Com Vítimas Feridas;Pleno dia;Decrescente;Garoa/Chuvisco;Dupla;Reta;Sim;1060573;Motocicleta;HONDA/CG 160 TITAN;2022;Condutor;Lesões Leves;25;Masculino;0;1;0;0;-29,99205173;-51,18549049;SPRF-RS;DEL05-RS;UOP03-DEL05-RS
594798;1325330;18/04/2024;quinta-feira;18:40:00;RS;290;102;PORTO ALEGRE;Não;Frear bruscamente;2;Saída de leito carroçável;Com Vítimas Feridas;Plena Noite;Crescente;Céu Claro;Dupla;Reta;Não;1061525;Automóvel;RENAULT/SANDERO EXPR 16;2014;Condutor;Ileso;40;Feminino;1;0;0;0;-29,987022;-51,256479;SPRF-RS;DEL01-RS;UOP01-DEL01-RS
594798;1325331;18/04/2024;quinta-feira;18:40:00;RS;290;102;PORTO ALEGRE;Não;Frear bruscamente;2;Saída de leito carroçável;Com Vítimas Feridas;Plena Noite;Crescente;Céu Claro;Dupla;Reta;Não;1061526;Automóvel;VW/POLO TRACK MA;2023;Condutor;Ileso;45;Masculino;1;0;0;0;-29,987022;-51,256479;SPRF-RS;DEL01-RS;UOP01-DEL01-RS
594798;1325334;18/04/2024;quinta-feira;18:40:00;RS;290;102;PORTO ALEGRE;Não;Frear bruscamente;2;Saída de leito carroçável;Com Vítimas Feridas;Plena Noite;Crescente;Céu Claro;Dupla;Reta;Não;1061527;Automóvel;RENAULT/LOGAN EXPR 16 M;2016;Condutor;Ileso;32;Masculino;1;0;0;0;-29,987022;-51,256479;SPRF-RS;DEL01-RS;UOP01-DEL01-RS
594798;1325439;18/04/2024;quinta-feira;18:40:00;RS;290;102;PORTO ALEGRE;Não;Frear bruscamente;2;Saída de leito carroçável;Com Vítimas Feridas;Plena Noite;Crescente;Céu Claro;Dupla;Reta;Não;1061527;Automóvel;RENAULT/LOGAN EXPR 16 M;2016;Passageiro;Lesões Leves;74;Feminino;0;1;0;0;-29,987022;-51,256479;SPRF-RS;DEL01-RS;UOP01-DEL01-RS
594798;1325330;18/04/2024;quinta-feira;18:40:00;RS;290;102;PORTO ALEGRE;Não;Condutor usando celular;2;Saída de leito carroçável;Com Vítimas Feridas;Plena Noite;Crescente;Céu Claro;Dupla;Reta;Não;1061525;Automóvel;RENAULT/SANDERO EXPR 16;2014;Condutor;Ileso;40;Feminino;1;0;0;0;-29,987022;-51,256479;SPRF-RS;DEL01-RS;UOP01-DEL01-RS
594798;1325331;18/04/2024;quinta-feira;18:40:00;RS;290;102;PORTO ALEGRE;Não;Condutor usando celular;2;Saída de leito carroçável;Com Vítimas Feridas;Plena Noite;Crescente;Céu Claro;Dupla;Reta;Não;1061526;Automóvel;VW/POLO TRACK MA;2023;Condutor;Ileso;45;Masculino;1;0;0;0;-29,987022;-51,256479;SPRF-RS;DEL01-RS;UOP01-DEL01-RS
594798;1325334;18/04/2024;quinta-feira;18:40:00;RS;290;102;PORTO ALEGRE;Não;Condutor usando celular;2;Saída de leito carroçável;Com Vítimas Feridas;Plena Noite;Crescente;Céu Claro;Dupla;Reta;Não;1061527;Automóvel;RENAULT/LOGAN EXPR 16 M;2016;Condutor;Ileso;32;Masculino;1;0;0;0;-29,987022;-51,256479;SPRF-RS;DEL01-RS;UOP01-DEL01-RS
594798;1325439;18/04/2024;quinta-feira;18:40:00;RS;290;102;PORTO ALEGRE;Não;Condutor usando celular;2;Saída de leito carroçável;Com Vítimas Feridas;Plena Noite;Crescente;Céu Claro;Dupla;Reta;Não;1061527;Automóvel;RENAULT/LOGAN EXPR 16 M;2016;Passageiro;Lesões Leves;74;Feminino;0;1;0;0;-29,987022;-51,256479;SPRF-RS;DEL01-RS;UOP01-DEL01-RS
594798;1325330;18/04/2024;quinta-feira;18:40:00;RS;290;102;PORTO ALEGRE;Não;Condutor deixou de manter distância do veículo da frente;2;Saída de leito carroçável;Com Vítimas Feridas;Plena Noite;Crescente;Céu Claro;Dupla;Reta;Não;1061525;Automóvel;RENAULT/SANDERO EXPR 16;2014;Condutor;Ileso;40;Feminino;1;0;0;0;-29,987022;-51,256479;SPRF-RS;DEL01-RS;UOP01-DEL01-RS
594798;1325331;18/04/2024;quinta-feira;18:40:00;RS;290;102;PORTO ALEGRE;Não;Condutor deixou de manter distância do veículo da frente;2;Saída de leito carroçável;Com Vítimas Feridas;Plena Noite;Crescente;Céu Claro;Dupla;Reta;Não;1061526;Automóvel;VW/POLO TRACK MA;2023;Condutor;Ileso;45;Masculino;1;0;0;0;-29,987022;-51,256479;SPRF-RS;DEL01-RS;UOP01-DEL01-RS
594798;1325334;18/04/2024;quinta-feira;18:40:00;RS;290;102;PORTO ALEGRE;Não;Condutor deixou de manter distância do veículo da frente;2;Saída de leito carroçável;Com Vítimas Feridas;Plena Noite;Crescente;Céu Claro;Dupla;Reta;Não;1061527;Automóvel;RENAULT/LOGAN EXPR 16 M;2016;Condutor;Ileso;32;Masculino;1;0;0;0;-29,987022;-51,256479;SPRF-RS;DEL01-RS;UOP01-DEL01-RS
594798;1325439;18/04/2024;quinta-feira;18:40:00;RS;290;102;PORTO ALEGRE;Não;Condutor deixou de manter distância do veículo da frente;2;Saída de leito carroçável;Com Vítimas Feridas;Plena Noite;Crescente;Céu Claro;Dupla;Reta;Não;1061527;Automóvel;RENAULT/LOGAN EXPR 16 M;2016;Passageiro;Lesões Leves;74;Feminino;0;1;0;0;-29,987022;-51,256479;SPRF-RS;DEL01-RS;UOP01-DEL01-RS
594798;1325330;18/04/2024;quinta-feira;18:40:00;RS;290;102;PORTO ALEGRE;Sim;Reação tardia ou ineficiente do condutor;2;Saída de leito carroçável;Com Vítimas Feridas;Plena Noite;Crescente;Céu Claro;Dupla;Reta;Não;1061525;Automóvel;RENAULT/SANDERO EXPR 16;2014;Condutor;Ileso;40;Feminino;1;0;0;0;-29,987022;-51,256479;SPRF-RS;DEL01-RS;UOP01-DEL01-RS
594798;1325331;18/04/2024;quinta-feira;18:40:00;RS;290;102;PORTO ALEGRE;Sim;Reação tardia ou ineficiente do condutor;2;Saída de leito carroçável;Com Vítimas Feridas;Plena Noite;Crescente;Céu Claro;Dupla;Reta;Não;1061526;Automóvel;VW/POLO TRACK MA;2023;Condutor;Ileso;45;Masculino;1;0;0;0;-29,987022;-51,256479;SPRF-RS;DEL01-RS;UOP01-DEL01-RS
594798;1325334;18/04/2024;quinta-feira;18:40:00;RS;290;102;PORTO ALEGRE;Sim;Reação tardia ou ineficiente do condutor;2;Saída de leito carroçável;Com Vítimas Feridas;Plena Noite;Crescente;Céu Claro;Dupla;Reta;Não;1061527;Automóvel;RENAULT/LOGAN EXPR 16 M;2016;Condutor;Ileso;32;Masculino;1;0;0;0;-29,987022;-51,256479;SPRF-RS;DEL01-RS;UOP01-DEL01-RS
594798;1325439;18/04/2024;quinta-feira;18:40:00;RS;290;102;PORTO ALEGRE;Sim;Reação tardia ou ineficiente do condutor;2;Saída de leito carroçável;Com Vítimas Feridas;Plena Noite;Crescente;Céu Claro;Dupla;Reta;Não;1061527;Automóvel;RENAULT/LOGAN EXPR 16 M;2016;Passageiro;Lesões Leves;74;Feminino;0;1;0;0;-29,987022;-51,256479;SPRF-RS;DEL01-RS;UOP01-DEL01-RS
594798;1325330;18/04/2024;quinta-feira;18:40:00;RS;290;102;PORTO ALEGRE;Não;Frear bruscamente;1;Engavetamento;Com Vítimas Feridas;Plena Noite;Crescente;Céu Claro;Dupla;Reta;Não;1061525;Automóvel;RENAULT/SANDERO EXPR 16;2014;Condutor;Ileso;40;Feminino;1;0;0;0;-29,987022;-51,256479;SPRF-RS;DEL01-RS;UOP01-DEL01-RS
594798;1325331;18/04/2024;quinta-feira;18:40:00;RS;290;102;PORTO ALEGRE;Não;Frear bruscamente;1;Engavetamento;Com Vítimas Feridas;Plena Noite;Crescente;Céu Claro;Dupla;Reta;Não;1061526;Automóvel;VW/POLO TRACK MA;2023;Condutor;Ileso;45;Masculino;1;0;0;0;-29,987022;-51,256479;SPRF-RS;DEL01-RS;UOP01-DEL01-RS
594798;1325334;18/04/2024;quinta-feira;18:40:00;RS;290;102;PORTO ALEGRE;Não;Frear bruscamente;1;Engavetamento;Com Vítimas Feridas;Plena Noite;Crescente;Céu Claro;Dupla;Reta;Não;1061527;Automóvel;RENAULT/LOGAN EXPR 16 M;2016;Condutor;Ileso;32;Masculino;1;0;0;0;-29,987022;-51,256479;SPRF-RS;DEL01-RS;UOP01-DEL01-RS
594798;1325439;18/04/2024;quinta-feira;18:40:00;RS;290;102;PORTO ALEGRE;Não;Frear bruscamente;1;Engavetamento;Com Vítimas Feridas;Plena Noite;Crescente;Céu Claro;Dupla;Reta;Não;1061527;Automóvel;RENAULT/LOGAN EXPR 16 M;2016;Passageiro;Lesões Leves;74;Feminino;0;1;0;0;-29,987022;-51,256479;SPRF-RS;DEL01-RS;UOP01-DEL01-RS
594798;1325330;18/04/2024;quinta-feira;18:40:00;RS;290;102;PORTO ALEGRE;Não;Condutor usando celular;1;Engavetamento;Com Vítimas Feridas;Plena Noite;Crescente;Céu Claro;Dupla;Reta;Não;1061525;Automóvel;RENAULT/SANDERO EXPR 16;2014;Condutor;Ileso;40;Feminino;1;0;0;0;-29,987022;-51,256479;SPRF-RS;DEL01-RS;UOP01-DEL01-RS